<?xml version="1.0" encoding="utf-8"?><feed xmlns="http://www.w3.org/2005/Atom" ><generator uri="https://jekyllrb.com/" version="3.5.1">Jekyll</generator><link href="/feed.xml" rel="self" type="application/atom+xml" /><link href="/" rel="alternate" type="text/html" /><updated>2018-01-11T20:18:48-06:00</updated><id>/</id><title type="html">Simple Church Tools</title><subtitle>Quick starter project for Jekyll including full setup for gulp, Sass, Autoprefixer, Bourbon/Neat/Bitters, Browserify, imagemin, Browsersync, PostCSS etc.</subtitle></feed>